date,product,category,amount,quantity
2023-01-01,Deep Work,Книги,1355,2
2023-01-02,Кофе молотый 500г,Продукты,901,8
2023-01-03,iPhone 15 Pro,Электроника,138403,3
2023-01-05,Диффузор аромат,Дом и сад,3152,7
2023-01-06,Планшет Lenovo,Электроника,38224,2
2023-01-06,Коврик для йоги 6мм,Спорт,3935,3
2023-01-07,Степпер,Спорт,8279,3
2023-01-07,Витамин C 60 капс,Продукты,670,1
2023-01-08,Платье летнее,Одежда,5406,3
2023-01-08,Чай зелёный,Продукты,375,4
2023-01-08,Джинсы skinny,Одежда,5852,6
2023-01-10,Designing Data-Intensive Apps,Книги,4744,3
2023-01-12,Монитор Samsung 27,Электроника,32811,1
2023-01-14,Поток,Книги,1017,2
2023-01-15,Мышь Apple Magic,Электроника,8852,5
2023-01-16,Монитор Samsung 27,Электроника,35800,8
2023-01-17,Велотренажёр,Спорт,36060,1
2023-01-17,Рис басмати 1кг,Продукты,337,3
2023-01-17,Чай Earl Grey,Продукты,423,4
2023-01-17,Кроссовки New Balance,Одежда,11901,3
2023-01-19,Сковорода антипригар,Дом и сад,3808,1
2023-01-20,Принципы Далио,Книги,2052,1
2023-01-20,Перчатки кожаные,Одежда,3821,3
2023-01-20,Насос велосипедный,Спорт,2327,1
2023-01-21,Скакалка с подшипниками,Спорт,2695,4
2023-01-22,Паста томатная,Продукты,209,5
2023-01-22,Фитнес резинки набор,Спорт,2022,1
2023-01-23,Органайзер для стола,Дом и сад,2575,4
2023-01-23,Веб-камера Logitech,Электроника,7965,1
2023-01-23,Толстовка Champion,Одежда,5917,6
2023-01-24,Омега-3 рыбий жир,Продукты,1001,1
2023-01-24,Энергетик натуральный,Продукты,324,4
2023-01-24,Леггинсы спортивные,Одежда,3252,1
2023-01-25,Полотенце махровое,Дом и сад,1193,6
2023-01-25,Кокосовое масло 500мл,Продукты,758,3
2023-01-26,Кастрюля 5л,Дом и сад,3191,4
2023-01-27,Шарф кашемировый,Одежда,5030,7
2023-01-28,PostgreSQL Administration,Книги,4011,2
2023-01-30,iPhone 15 Pro,Электроника,144731,3
2023-01-30,SQL для начинающих,Книги,1620,3
2023-01-30,Джинсы Levi's 501,Одежда,8542,2
2023-01-31,Омега-3 рыбий жир,Продукты,930,3
2023-02-01,Худи оверсайз,Одежда,4681,2
2023-02-02,Набор посуды,Дом и сад,6303,8
2023-02-04,Кроссовки Adidas Ultraboost,Одежда,20096,1
2023-02-04,Коврик для йоги 6мм,Спорт,3857,10
2023-02-05,Ремень кожаный,Одежда,4896,20
2023-02-05,Пояс для бега,Спорт,2009,7
2023-02-05,Кроссовки Nike Air Max,Одежда,15793,3
2023-02-05,Kubernetes в действии,Книги,3693,1
2023-02-06,Постельное бельё евро,Дом и сад,4502,3
2023-02-06,Умные часы Apple Watch,Электроника,47129,3
2023-02-07,Наколенники спортивные,Спорт,2975,1
2023-02-07,Энергетик натуральный,Продукты,349,4
2023-02-09,Мышь Logitech MX,Электроника,8570,6
2023-02-09,Пуховик,Одежда,28114,5
2023-02-09,Клавиатура Mechanical,Электроника,12405,7
2023-02-09,Рубашка льняная,Одежда,3233,1
2023-02-10,Рубашка льняная,Одежда,3698,2
2023-02-10,Джинсы Levi's 501,Одежда,7916,1
2023-02-11,Брюки классика,Одежда,9083,1
2023-02-13,SSD Samsung 1TB,Электроника,11628,2
2023-02-13,Одеяло зимнее,Дом и сад,6493,1
2023-02-15,Шарф кашемировый,Одежда,5591,1
2023-02-17,FastAPI книга,Книги,2875,4
2023-02-17,iPhone 15 Pro,Электроника,117098,3
2023-02-17,Черный лебедь,Книги,1555,3
2023-02-18,Поток,Книги,925,5
2023-02-19,Ноутбук HP Pavilion,Электроника,56821,6
2023-02-20,Кружка термо,Дом и сад,1685,1
2023-02-20,Кофе растворимый,Продукты,669,1
2023-02-21,PostgreSQL Administration,Книги,3650,2
2023-02-22,The Hard Thing About Hard Things,Книги,2047,6
2023-02-23,Flask Web Development,Книги,2610,1
2023-02-23,Орехи миндаль 500г,Продукты,1083,1
2023-02-24,Наушники AirPods Pro,Электроника,28646,1
2023-02-25,Поло Ralph Lauren,Одежда,6692,20
2023-02-26,Картина постер,Дом и сад,1952,6
2023-02-26,Ноутбук HP Pavilion,Электроника,52392,1
2023-02-27,SQL для начинающих,Книги,1841,6
2023-02-27,Психология влияния,Книги,818,1
2023-02-27,Электронная книга Kindle,Электроника,16475,4
2023-02-28,Бутылка для воды 750мл,Спорт,1277,1
2023-02-28,Думай как математик,Книги,1239,6
2023-02-28,Леггинсы спортивные,Одежда,3923,2
2023-02-28,Перчатки кожаные,Одежда,3609,1
2023-03-01,Витамин D3,Продукты,676,7
2023-03-01,Энергетик натуральный,Продукты,305,15
2023-03-01,Зеркало настенное,Дом и сад,4144,4
2023-03-02,Python для всех,Книги,1465,2
2023-03-02,iPad Pro,Электроника,94994,5
2023-03-03,Куртка демисезонная,Одежда,11131,1
2023-03-03,Магний B6,Продукты,705,10
2023-03-04,Эспандер грудной,Спорт,1110,8
2023-03-05,Фитнес резинки набор,Спорт,1642,1
2023-03-07,Носки набор 5 пар,Одежда,475,20
2023-03-08,Штанга 20кг,Спорт,13199,1
2023-03-08,Xiaomi 14,Электроника,74641,1
2023-03-08,Психология влияния,Книги,810,8
2023-03-10,Принципы Далио,Книги,2309,1
2023-03-10,iPhone 15 Pro,Электроника,145580,1
2023-03-12,Энергетик натуральный,Продукты,299,10
2023-03-12,Велошлем,Спорт,6824,2
2023-03-14,Компрессионные носки,Спорт,1699,4
2023-03-14,Пижама хлопок,Одежда,3799,2
2023-03-14,Джинсы skinny,Одежда,5740,5
2023-03-15,Кастрюля 5л,Дом и сад,3124,4
2023-03-15,Свеча ароматическая,Дом и сад,856,1
2023-03-16,Протеиновые батончики набор,Продукты,334,2
2023-03-16,Беговая дорожка,Спорт,58940,6
2023-03-17,Подставка для ноутбука,Дом и сад,3571,2
2023-03-18,Суперфуд спирулина,Продукты,824,5
2023-03-18,Лосось консервы,Продукты,415,3
2023-03-18,Поло Ralph Lauren,Одежда,5708,8
2023-03-18,Docker Deep Dive,Книги,2392,1
2023-03-20,BCAA аминокислоты,Продукты,2574,1
2023-03-20,System Design Interview,Книги,3226,1
2023-03-20,Designing Data-Intensive Apps,Книги,4551,3
2023-03-21,Органайзер для стола,Дом и сад,2684,2
2023-03-21,Мяч футбольный,Спорт,3063,3
2023-03-21,Шоколад Lindt 100г,Продукты,452,2
2023-03-21,Куртка зимняя,Одежда,19929,6
2023-03-21,Консервы тунец,Продукты,268,2
2023-03-22,Пуховик,Одежда,28609,5
2023-03-22,Футболка оверсайз,Одежда,2009,2
2023-03-22,Джинсы Levi's 501,Одежда,7566,3
2023-03-23,Куртка зимняя,Одежда,25102,2
2023-03-24,Черный лебедь,Книги,1505,6
2023-03-24,Веб-камера Logitech,Электроника,7914,3
2023-03-25,Суппорт голеностопа,Спорт,2036,1
2023-03-26,Велотренажёр,Спорт,39353,5
2023-03-27,Коврик для йоги 6мм,Спорт,3290,2
2023-03-27,iPad Pro,Электроника,105075,1
2023-03-27,Постельное бельё евро,Дом и сад,4971,3
2023-03-29,Сапоги кожаные,Одежда,20141,7
2023-03-29,Джинсы Levi's 501,Одежда,8813,1
2023-03-30,Homo Deus,Книги,1366,5
2023-03-30,Clean Code,Книги,2344,5
2023-03-31,Торшер напольный,Дом и сад,7603,1
2023-04-01,Гантели 5кг пара,Спорт,2532,3
2023-04-02,Клавиатура Apple Magic,Электроника,12723,2
2023-04-02,BCAA аминокислоты,Продукты,2545,2
2023-04-03,Турник дверной,Спорт,2755,7
2023-04-03,Пояс для бега,Спорт,1799,12
2023-04-04,Туфли классика,Одежда,15314,5
2023-04-04,Монитор LG 4K,Электроника,49636,2
2023-04-05,Греческий йогурт,Продукты,196,1
2023-04-07,Магний B6,Продукты,840,1
2023-04-07,Витамин C 60 капс,Продукты,803,6
2023-04-08,Витамин C 60 капс,Продукты,715,10
2023-04-09,Штанга 20кг,Спорт,14294,10
2023-04-09,Кастрюля 5л,Дом и сад,3077,1
2023-04-09,Zero to One,Книги,1742,7
2023-04-10,Эспандер грудной,Спорт,1167,1
2023-04-10,Искусство войны,Книги,702,1
2023-04-10,Греческий йогурт,Продукты,206,2
2023-04-11,Блендер погружной,Дом и сад,4639,2
2023-04-12,Массажный ролик,Спорт,2424,5
2023-04-12,Designing Data-Intensive Apps,Книги,4283,1
2023-04-13,Python для всех,Книги,1380,7
2023-04-13,Рис басмати 1кг,Продукты,334,3
2023-04-13,Протеиновые батончики набор,Продукты,328,3
2023-04-13,Турник дверной,Спорт,2647,5
2023-04-14,Гантели 20кг пара,Спорт,8482,2
2023-04-14,Туфли классика,Одежда,15695,1
2023-04-15,Клавиатура Apple Magic,Электроника,11827,2
2023-04-16,Macbook Air M2,Электроника,125698,1
2023-04-16,Джинсы Levi's 501,Одежда,7720,7
2023-04-16,Поток,Книги,1079,3
2023-04-16,Xiaomi 14,Электроника,72362,1
2023-04-17,Подставка для ноутбука,Дом и сад,3457,4
2023-04-18,Ноутбук Dell XPS,Электроника,95435,1
2023-04-18,Кофе молотый 500г,Продукты,883,6
2023-04-19,Нижнее бельё набор,Одежда,2539,4
2023-04-19,Изотоник,Продукты,260,3
2023-04-20,Коврик для йоги 6мм,Спорт,3683,3
2023-04-21,Docker Deep Dive,Книги,2067,2
2023-04-21,Рубашка оксфорд,Одежда,4781,6
2023-04-21,USB-C хаб,Электроника,3766,1
2023-04-23,Не давай обезьяне управлять зоопарком,Книги,931,2
2023-04-24,Пояс для бега,Спорт,1958,1
2023-04-24,Брюки классика,Одежда,8878,20
2023-04-24,Кружка термо,Дом и сад,2027,8
2023-04-24,Мёд натуральный 500г,Продукты,725,1
2023-04-25,Нижнее бельё набор,Одежда,2330,3
2023-04-25,FastAPI книга,Книги,2928,2
2023-04-26,Кофе молотый 500г,Продукты,866,2
2023-04-27,Скакалка скоростная,Спорт,1493,2
2023-04-27,Рис басмати 1кг,Продукты,370,4
2023-04-27,Рамка для фото,Дом и сад,791,6
2023-04-29,Сковорода антипригар,Дом и сад,3886,3
2023-04-29,Велотренажёр,Спорт,40918,8
2023-05-01,Кроссовки Adidas Ultraboost,Одежда,16757,20
2023-05-01,Рамка для фото,Дом и сад,875,5
2023-05-02,Шуруповёрт,Дом и сад,11825,1
2023-05-03,Держатель телефона,Дом и сад,1362,3
2023-05-04,Монитор Samsung 27,Электроника,32487,1
2023-05-04,Веб-камера Logitech,Электроника,8443,4
2023-05-05,iPhone 15,Электроника,95626,1
2023-05-05,Алгоритмы Кормен,Книги,5511,4
2023-05-05,Омега-3 рыбий жир,Продукты,1023,1
2023-05-05,Удобрения для цветов,Дом и сад,401,1
2023-05-05,Худи оверсайз,Одежда,4694,3
2023-05-06,Гречка 1кг,Продукты,170,3
2023-05-06,Принципы Далио,Книги,2507,7
2023-05-06,Монитор Dell UltraSharp,Электроника,68786,1
2023-05-07,Подставка для ноутбука,Дом и сад,3182,7
2023-05-07,Киноа 500г,Продукты,463,20
2023-05-08,Sapiens,Книги,1313,5
2023-05-08,Удобрения для цветов,Дом и сад,417,1
2023-05-09,PostgreSQL Administration,Книги,3212,1
2023-05-10,Шуруповёрт,Дом и сад,13681,5
2023-05-11,Ботинки зимние,Одежда,16539,5
2023-05-11,Монитор LG 4K,Электроника,48174,1
2023-05-12,Наушники Sony WH-1000XM5,Электроника,31229,2
2023-05-13,Галстук шёлковый,Одежда,4457,1
2023-05-13,Сапоги кожаные,Одежда,24210,1
2023-05-13,Велошлем,Спорт,6782,1
2023-05-13,Лампа настольная LED,Дом и сад,3289,1
2023-05-14,Гантели 10кг пара,Спорт,4723,1
2023-05-14,Кофе зерновой 1кг,Продукты,1771,1
2023-05-15,Наушники AirPods Pro,Электроника,24029,1
2023-05-15,Коврик для йоги 6мм,Спорт,3782,1
2023-05-15,Волейбольный мяч,Спорт,3866,1
2023-05-15,Atomic Habits,Книги,1081,2
2023-05-15,Искусство войны,Книги,744,6
2023-05-16,Термос 1л,Дом и сад,2561,2
2023-05-19,Беговые кроссовки Asics,Спорт,15407,2
2023-05-20,Цинк,Продукты,560,1
2023-05-21,Велошлем,Спорт,7988,12
2023-05-22,Умные часы Samsung Galaxy Watch,Электроника,30085,20
2023-05-23,Кашпо подвесное,Дом и сад,1339,2
2023-05-24,Рюкзак спортивный,Спорт,6155,3
2023-05-24,Протеиновые батончики набор,Продукты,373,2
2023-05-28,Кастрюля 5л,Дом и сад,2623,2
2023-05-29,Скакалка скоростная,Спорт,1389,3
2023-05-29,Наушники AirPods Pro,Электроника,22739,6
2023-05-31,Протеиновые батончики набор,Продукты,379,6
2023-05-31,Чай Earl Grey,Продукты,426,8
2023-06-01,Черный лебедь,Книги,1599,1
2023-06-01,iPad mini,Электроника,55719,1
2023-06-01,Протеин ваниль 1кг,Продукты,4121,2
2023-06-01,Сковорода антипригар,Дом и сад,3259,1
2023-06-02,Удобрения для цветов,Дом и сад,385,3
2023-06-03,Ветровка Nike,Одежда,7761,4
2023-06-03,Принципы Далио,Книги,2477,4
2023-06-03,Блендер погружной,Дом и сад,4242,1
2023-06-03,Худи оверсайз,Одежда,5416,7
2023-06-03,Шоколад тёмный 72%,Продукты,352,1
2023-06-04,Монитор Dell UltraSharp,Электроника,71121,4
2023-06-05,Свитер шерстяной,Одежда,6472,2
2023-06-06,Электронная книга Kindle,Электроника,13527,1
2023-06-07,Сандалии летние,Одежда,5362,3
2023-06-07,Насос велосипедный,Спорт,2316,1
2023-06-08,Умные часы Apple Watch,Электроника,50944,2
2023-06-09,Поток,Книги,958,12
2023-06-09,Протеин шоколад 1кг,Продукты,4261,1
2023-06-10,Думай как математик,Книги,1105,1
2023-06-12,Flask Web Development,Книги,3137,2
2023-06-13,Рубашка льняная,Одежда,3608,1
2023-06-14,Паста томатная,Продукты,183,8
2023-06-15,Монитор Samsung 27,Электроника,39252,7
2023-06-16,Скакалка с подшипниками,Спорт,2378,15
2023-06-17,Протеин ваниль 1кг,Продукты,4151,1
2023-06-17,Кружка термо,Дом и сад,1973,6
2023-06-20,Толстовка Champion,Одежда,6088,12
2023-06-20,Гантели 10кг пара,Спорт,4130,2
2023-06-21,Массажный ролик,Спорт,2776,2
2023-06-21,Омега-3 рыбий жир,Продукты,906,2
2023-06-21,Орехи миндаль 500г,Продукты,1162,5
2023-06-22,Кружка термо,Дом и сад,1874,1
2023-06-23,Набор инструментов,Дом и сад,7213,5
2023-06-23,PostgreSQL Administration,Книги,3220,8
2023-06-24,Футболка базовая белая,Одежда,1694,6
2023-06-24,Зеркало настенное,Дом и сад,4898,4
2023-06-25,iPad mini,Электроника,59692,2
2023-06-26,Пуховик,Одежда,27528,3
2023-06-27,Наколенники спортивные,Спорт,2847,2
2023-06-29,Планшет Lenovo,Электроника,34375,5
2023-06-29,Кофе зерновой 1кг,Продукты,2068,3
2023-06-29,FastAPI книга,Книги,3545,3
2023-06-29,Kubernetes в действии,Книги,4342,2
2023-06-30,System Design Interview,Книги,3583,7
2023-07-01,Шарф кашемировый,Одежда,4555,2
2023-07-02,Мышь Logitech MX,Электроника,9163,1
2023-07-02,Орехи грецкие 500г,Продукты,846,2
2023-07-02,Макароны 500г,Продукты,116,15
2023-07-04,Витамин C 60 капс,Продукты,698,2
2023-07-04,Macbook Pro M3,Электроника,201528,1
2023-07-04,RAM DDR5 32GB,Электроника,13945,2
2023-07-04,Игровая клавиатура Corsair,Электроника,17241,15
2023-07-05,Гантели 10кг пара,Спорт,4050,1
2023-07-06,Боксёрский мешок,Спорт,12914,2
2023-07-07,Антихрупкость,Книги,2018,2
2023-07-07,Держатель телефона,Дом и сад,1529,2
2023-07-10,Алгоритмы Кормен,Книги,6257,1
2023-07-10,Думай медленно решай быстро,Книги,1008,5
2023-07-10,Планшет Lenovo,Электроника,34518,1
2023-07-10,Лампа настольная LED,Дом и сад,3787,1
2023-07-10,Сандалии летние,Одежда,5354,3
2023-07-11,iPad Pro,Электроника,98846,3
2023-07-11,Samsung Galaxy S24,Электроника,103286,3
2023-07-12,Atomic Habits,Книги,1190,1
2023-07-13,Игровая мышь Razer,Электроника,10926,3
2023-07-13,Рубашка льняная,Одежда,3395,2
2023-07-13,Сковорода антипригар,Дом и сад,3366,1
2023-07-13,Бутылка для воды 750мл,Спорт,1216,1
2023-07-14,Зеркало настенное,Дом и сад,4256,2
2023-07-15,Электронная книга Kindle,Электроника,16991,1
2023-07-15,Свитер шерстяной,Одежда,7046,6
2023-07-15,Zero to One,Книги,1708,1
2023-07-15,Macbook Pro M3,Электроника,178025,5
2023-07-16,Кокосовое молоко,Продукты,424,20
2023-07-16,Умные часы Samsung Galaxy Watch,Электроника,26471,3
2023-07-16,Макароны 500г,Продукты,137,2
2023-07-17,Лейка садовая,Дом и сад,918,1
2023-07-20,Фитнес-браслет Xiaomi,Электроника,5500,2
2023-07-21,Планшет Lenovo,Электроника,33804,1
2023-07-21,Платье летнее,Одежда,5559,2
2023-07-22,Электронная книга Kindle,Электроника,15762,3
2023-07-22,Macbook Pro M3,Электроника,189553,7
2023-07-22,Одеяло зимнее,Дом и сад,5794,1
2023-07-23,Клавиатура Mechanical,Электроника,11564,10
2023-07-23,Clean Code,Книги,2749,3
2023-07-24,Powerbank Anker,Электроника,4568,7
2023-07-24,Atomic Habits,Книги,1123,2
2023-07-24,Психология влияния,Книги,812,5
2023-07-25,Мёд натуральный 500г,Продукты,722,1
2023-07-25,Думай медленно решай быстро,Книги,1008,2
2023-07-25,Одеяло зимнее,Дом и сад,5774,3
2023-07-27,Изотоник,Продукты,300,6
2023-07-27,Clean Code,Книги,2775,2
2023-07-28,Планшет Lenovo,Электроника,38513,4
2023-07-28,Лейка садовая,Дом и сад,918,1
2023-07-28,Коврик для йоги 6мм,Спорт,3531,2
2023-07-29,Сковорода антипригар,Дом и сад,3389,1
2023-07-30,Массажный пистолет,Спорт,7901,6
2023-07-30,Алгоритмы Кормен,Книги,6074,1
2023-07-30,Мяч футбольный,Спорт,3326,4
2023-07-31,Картина постер,Дом и сад,1847,2
2023-07-31,Монитор Dell UltraSharp,Электроника,69113,3
2023-07-31,Коврик пазл 1м2,Спорт,3881,3
2023-08-01,Мышь Apple Magic,Электроника,8590,1
2023-08-01,Куртка зимняя,Одежда,20231,1
2023-08-02,Постельное бельё евро,Дом и сад,5296,1
2023-08-02,Спортивная сумка,Спорт,4211,1
2023-08-03,Шапка вязаная,Одежда,1579,1
2023-08-04,Игровая мышь Razer,Электроника,11022,2
2023-08-04,Пуховик,Одежда,29781,3
2023-08-05,Турник дверной,Спорт,2661,1
2023-08-05,Энергетик натуральный,Продукты,336,3
2023-08-07,PostgreSQL Administration,Книги,3470,1
2023-08-08,Постельное бельё евро,Дом и сад,5617,2
2023-08-08,Веб-камера Logitech,Электроника,7297,6
2023-08-08,Кастрюля 5л,Дом и сад,3156,2
2023-08-09,Джинсы skinny,Одежда,6139,1
2023-08-12,Homo Deus,Книги,1329,1
2023-08-12,Спортивная сумка,Спорт,5107,2
2023-08-13,Волейбольный мяч,Спорт,3844,15
2023-08-13,Орехи миндаль 500г,Продукты,1103,4
2023-08-14,Кокосовое молоко,Продукты,392,2
2023-08-14,Искусство войны,Книги,658,8
2023-08-14,Перчатки кожаные,Одежда,4019,1
2023-08-15,Гантели 20кг пара,Спорт,8651,1
2023-08-15,Монитор Samsung 27,Электроника,34041,3
2023-08-15,Греческий йогурт,Продукты,213,6
2023-08-15,Держатель телефона,Дом и сад,1634,5
2023-08-17,Куртка демисезонная,Одежда,11603,1
2023-08-18,Блендер погружной,Дом и сад,4636,3
2023-08-19,Зеркало настенное,Дом и сад,4299,3
2023-08-19,Велотренажёр,Спорт,42934,4
2023-08-19,Macbook Pro M3,Электроника,186963,1
2023-08-20,Роутер TP-Link AX,Электроника,6365,3
2023-08-20,Кофе зерновой 1кг,Продукты,1653,4
2023-08-21,Свеча ароматическая,Дом и сад,812,1
2023-08-24,Алгоритмы Кормен,Книги,5179,6
2023-08-24,Кокосовое молоко,Продукты,342,3
2023-08-25,Designing Data-Intensive Apps,Книги,4629,1
2023-08-25,Гантели 20кг пара,Спорт,7715,1
2023-08-26,Ноутбук Dell XPS,Электроника,95551,6
2023-08-26,iPad mini,Электроника,56568,8
2023-08-28,Картина постер,Дом и сад,2033,4
2023-08-29,iPhone 15,Электроника,106186,1
2023-08-29,Python для всех,Книги,1703,3
2023-08-29,Толстовка Champion,Одежда,5489,2
2023-08-30,Паста томатная,Продукты,210,1
2023-08-30,PostgreSQL Administration,Книги,3890,1
2023-08-31,Кофе растворимый,Продукты,548,20
2023-09-01,Велофляга,Спорт,874,2
2023-09-02,Atomic Habits,Книги,1105,2
2023-09-02,Платье летнее,Одежда,4737,1
2023-09-03,Беговые кроссовки Asics,Спорт,12887,4
2023-09-05,Монитор LG 4K,Электроника,46958,2
2023-09-05,Изотоник,Продукты,288,1
2023-09-06,Шуруповёрт,Дом и сад,13682,7
2023-09-07,Витамин C 60 капс,Продукты,647,1
2023-09-08,Диффузор аромат,Дом и сад,3207,1
2023-09-13,Мёд натуральный 500г,Продукты,738,5
2023-09-14,Нижнее бельё набор,Одежда,2791,2
2023-09-14,Кофе зерновой 1кг,Продукты,2005,3
2023-09-15,Омега-3 рыбий жир,Продукты,1023,3
2023-09-16,Массажный пистолет,Спорт,8523,1
2023-09-17,iPhone 15 Pro,Электроника,148469,7
2023-09-17,Диффузор аромат,Дом и сад,3272,1
2023-09-17,Homo Deus,Книги,1378,1
2023-09-18,Умные часы Apple Watch,Электроника,45559,12
2023-09-18,Полотенце махровое,Дом и сад,1167,3
2023-09-18,Велофляга,Спорт,909,2
2023-09-18,USB-C хаб,Электроника,3865,2
2023-09-18,Авокадо,Продукты,283,1
2023-09-20,Ремень кожаный,Одежда,4238,1
2023-09-21,Термос 1л,Дом и сад,2386,6
2023-09-21,Игровая клавиатура Corsair,Электроника,18305,1
2023-09-21,Джинсы Levi's 501,Одежда,8272,1
2023-09-21,Протеиновые батончики набор,Продукты,334,12
2023-09-22,Зеркало настенное,Дом и сад,5103,1
2023-09-22,Наколенники спортивные,Спорт,3142,1
2023-09-23,Греческий йогурт,Продукты,194,1
2023-09-23,Паста томатная,Продукты,187,2
2023-09-23,Носки набор 5 пар,Одежда,483,4
2023-09-25,Designing Data-Intensive Apps,Книги,4315,3
2023-09-26,Витамин C 60 капс,Продукты,682,1
2023-09-26,Умные часы Samsung Galaxy Watch,Электроника,28872,1
2023-09-26,Кокосовое молоко,Продукты,343,2
2023-09-26,Лосось консервы,Продукты,376,4
2023-09-26,Беговые кроссовки Asics,Спорт,13064,1
2023-09-27,Картина постер,Дом и сад,1842,1
2023-09-29,Колонка Marshall,Электроника,19144,4
2023-09-29,Лампа настольная LED,Дом и сад,3937,1
2023-09-30,System Design Interview,Книги,3891,4
2023-09-30,Принципы Далио,Книги,2394,5
2023-10-01,Рубашка оксфорд,Одежда,4899,2
2023-10-02,iPhone 15 Pro,Электроника,141809,8
2023-10-03,Орехи миндаль 500г,Продукты,1169,3
2023-10-03,SSD Samsung 1TB,Электроника,12853,2
2023-10-03,Кроссовки Adidas Ultraboost,Одежда,19552,2
2023-10-04,Куртка зимняя,Одежда,21278,1
2023-10-04,PostgreSQL Administration,Книги,3288,10
2023-10-04,Фитнес резинки набор,Спорт,1672,5
2023-10-04,Умные часы Samsung Galaxy Watch,Электроника,31430,1
2023-10-04,Футболка оверсайз,Одежда,1852,1
2023-10-05,Блендер погружной,Дом и сад,4957,1
2023-10-06,System Design Interview,Книги,3800,1
2023-10-06,Куртка демисезонная,Одежда,11061,5
2023-10-07,Не давай обезьяне управлять зоопарком,Книги,847,1
2023-10-10,Паста томатная,Продукты,190,2
2023-10-10,Орехи грецкие 500г,Продукты,841,3
2023-10-12,Цветочный горшок,Дом и сад,669,1
2023-10-12,Ветровка Nike,Одежда,8357,4
2023-10-12,Designing Data-Intensive Apps,Книги,4195,3
2023-10-13,SQL для начинающих,Книги,1871,1
2023-10-13,Велоперчатки,Спорт,2292,1
2023-10-14,Ремень кожаный,Одежда,5068,8
2023-10-16,Постельное бельё евро,Дом и сад,5206,1
2023-10-17,Велотренажёр,Спорт,40419,1
2023-10-18,Фитнес резинки набор,Спорт,1847,1
2023-10-18,Шапка вязаная,Одежда,1483,1
2023-10-19,Rich Dad Poor Dad,Книги,858,2
2023-10-19,Массажный ролик,Спорт,2523,3
2023-10-21,Кроссовки Adidas Ultraboost,Одежда,18225,4
2023-10-21,The Hard Thing About Hard Things,Книги,1960,1
2023-10-22,Шоколад Lindt 100г,Продукты,380,4
2023-10-22,Мёд натуральный 500г,Продукты,751,4
2023-10-24,Туфли классика,Одежда,15952,4
2023-10-24,Электронная книга Kindle,Электроника,13665,2
2023-10-24,Не давай обезьяне управлять зоопарком,Книги,831,3
2023-10-24,Одеяло зимнее,Дом и сад,6491,1
2023-10-25,Кабель USB-C 2м,Электроника,734,2
2023-10-25,Велоперчатки,Спорт,2445,6
2023-10-25,Ветровка Nike,Одежда,8280,7
2023-10-25,Перчатки кожаные,Одежда,3805,4
2023-10-26,Ветровка Nike,Одежда,8154,4
2023-10-27,Спортивная сумка,Спорт,5084,2
2023-10-27,Роутер TP-Link AX,Электроника,6431,1
2023-10-28,Кокосовое молоко,Продукты,408,1
2023-10-29,Блендер погружной,Дом и сад,4353,6
2023-10-30,Турник настенный,Спорт,6434,1
2023-10-30,Подставка для ноутбука,Дом и сад,3933,2
2023-10-30,Суппорт голеностопа,Спорт,1942,2
2023-10-30,Кроссовки New Balance,Одежда,13775,4
2023-10-31,Наушники Bose QC45,Электроника,34950,4
2023-10-31,Кокосовое масло 500мл,Продукты,730,2
2023-10-31,Кашпо подвесное,Дом и сад,1292,2
2023-11-01,Кокосовое молоко,Продукты,396,3
2023-11-01,Шорты спортивные,Одежда,2383,8
2023-11-03,Docker Deep Dive,Книги,2227,2
2023-11-03,Велоперчатки,Спорт,2055,1
2023-11-03,The Hard Thing About Hard Things,Книги,1948,1
2023-11-04,Удобрения для цветов,Дом и сад,457,1
2023-11-04,Рюкзак спортивный,Спорт,6830,2
2023-11-04,Кружка термо,Дом и сад,1818,1
2023-11-05,Гантели 10кг пара,Спорт,4853,20
2023-11-06,Гречка 1кг,Продукты,178,2
2023-11-07,Толстовка Champion,Одежда,6680,10
2023-11-07,Колонка Marshall,Электроника,19072,2
2023-11-09,Шарф кашемировый,Одежда,4751,2
2023-11-09,Свеча ароматическая,Дом и сад,913,10
2023-11-10,Пуховик,Одежда,25310,6
2023-11-10,Блендер погружной,Дом и сад,4721,1
2023-11-11,Боксёрский мешок,Спорт,11556,1
2023-11-11,Творог 9%,Продукты,192,2
2023-11-12,Беговая дорожка,Спорт,59176,3
2023-11-12,Наушники AirPods Pro,Электроника,25889,5
2023-11-12,Клавиатура Mechanical,Электроника,12880,1
2023-11-13,Лампа настольная LED,Дом и сад,3960,6
2023-11-13,Кепка New Era,Одежда,3110,2
2023-11-13,Кастрюля 5л,Дом и сад,3126,3
2023-11-14,Велофляга,Спорт,921,1
2023-11-15,Джинсы skinny,Одежда,5308,2
2023-11-16,Магний B6,Продукты,859,5
2023-11-17,Протеин шоколад 1кг,Продукты,4071,1
2023-11-18,Кружка термо,Дом и сад,2032,2
2023-11-18,RAM DDR5 32GB,Электроника,14418,1
2023-11-20,Думай медленно решай быстро,Книги,1167,6
2023-11-20,Клавиатура Apple Magic,Электроника,12453,1
2023-11-21,Рубашка льняная,Одежда,3902,1
2023-11-21,Турник дверной,Спорт,2338,7
2023-11-22,Торшер напольный,Дом и сад,7692,1
2023-11-22,Пуховик,Одежда,31460,1
2023-11-23,Орехи миндаль 500г,Продукты,1153,8
2023-11-23,Ботинки зимние,Одежда,16702,1
2023-11-25,Клавиатура Apple Magic,Электроника,11440,1
2023-11-26,Велоперчатки,Спорт,2123,5
2023-11-26,Наушники Sony WH-1000XM5,Электроника,30390,4
2023-11-26,Умные часы Samsung Galaxy Watch,Электроника,28027,3
2023-11-26,Турник дверной,Спорт,2728,3
2023-11-26,Лампа настольная LED,Дом и сад,3614,1
2023-11-28,Ветровка Nike,Одежда,8754,1
2023-11-29,Веб-камера Logitech,Электроника,9132,5
2023-11-29,Ветровка Nike,Одежда,8636,2
2023-11-30,Колонка Marshall,Электроника,18805,8
2023-12-01,Оливковое масло 1л,Продукты,1134,3
2023-12-01,Творог 9%,Продукты,191,4
2023-12-01,Лейка садовая,Дом и сад,805,2
2023-12-02,Мяч футбольный,Спорт,2818,2
2023-12-03,Органайзер для стола,Дом и сад,2640,5
2023-12-03,Мяч футбольный,Спорт,3161,5
2023-12-04,Macbook Air M2,Электроника,126470,3
2023-12-04,Футболка оверсайз,Одежда,2011,12
2023-12-04,Шуруповёрт,Дом и сад,13126,2
2023-12-05,Рис басмати 1кг,Продукты,336,5
2023-12-06,Ремень кожаный,Одежда,4836,6
2023-12-06,Чай Earl Grey,Продукты,509,2
2023-12-06,Носки набор 5 пар,Одежда,456,2
2023-12-07,Полотенце махровое,Дом и сад,1108,2
2023-12-10,Турник дверной,Спорт,2620,3
2023-12-11,Видеокарта RTX 4060,Электроника,50098,5
2023-12-11,Deep Work,Книги,1495,2
2023-12-11,Шуруповёрт,Дом и сад,12952,2
2023-12-11,Kubernetes в действии,Книги,3957,1
2023-12-12,Творог 9%,Продукты,172,1
2023-12-12,Поток,Книги,877,1
2023-12-12,Спортивная сумка,Спорт,4146,2
2023-12-13,Коврик для йоги 6мм,Спорт,3518,15
2023-12-14,Rich Dad Poor Dad,Книги,1031,3
2023-12-14,Одеяло зимнее,Дом и сад,6424,3
2023-12-14,Веб-камера Logitech,Электроника,9072,3
2023-12-14,Atomic Habits,Книги,1217,2
2023-12-14,Картина постер,Дом и сад,2231,8
2023-12-15,Колонка JBL Charge,Электроника,11256,5
2023-12-15,PostgreSQL Administration,Книги,3995,1
2023-12-16,Штанга 20кг,Спорт,15327,3
2023-12-18,iPad Pro,Электроника,105557,4
2023-12-19,Витамин D3,Продукты,592,5
2023-12-20,Термос 1л,Дом и сад,2748,3
2023-12-21,Кроссовки Adidas Ultraboost,Одежда,16460,1
2023-12-21,Мышь Logitech MX,Электроника,7644,1
2023-12-22,Принципы Далио,Книги,2055,3
2023-12-23,Авокадо,Продукты,253,1
2023-12-24,Ноутбук HP Pavilion,Электроника,58242,6
2023-12-25,Беговые кроссовки Asics,Спорт,15316,2
2023-12-26,Шоколад Lindt 100г,Продукты,431,3
2023-12-26,Полотенце махровое,Дом и сад,1371,1
2023-12-26,Лампа настольная LED,Дом и сад,4010,5
2023-12-26,Спортивный костюм,Одежда,9080,6
2023-12-27,Скакалка с подшипниками,Спорт,2717,1
2023-12-28,Черный лебедь,Книги,1598,12
2023-12-29,Турник настенный,Спорт,5972,6
2023-12-31,Торшер напольный,Дом и сад,8738,6
2024-01-02,Органайзер для стола,Дом и сад,2515,2
2024-01-03,Samsung Galaxy S24,Электроника,126466,4
2024-01-03,Кепка New Era,Одежда,3301,2
2024-01-04,Шоколад тёмный 72%,Продукты,380,3
2024-01-04,Умные часы Samsung Galaxy Watch,Электроника,25444,3
2024-01-05,USB-C хаб,Электроника,3276,1
2024-01-05,Набор посуды,Дом и сад,6437,2
2024-01-05,Искусство войны,Книги,715,3
2024-01-06,iPhone 15,Электроника,91682,2
2024-01-07,Docker Deep Dive,Книги,2166,1
2024-01-07,Macbook Air M2,Электроника,108219,5
2024-01-08,Сандалии летние,Одежда,5690,5
2024-01-08,Сковорода антипригар,Дом и сад,3598,3
2024-01-09,Цветочный горшок,Дом и сад,567,2
2024-01-10,Боксёрские перчатки,Спорт,6202,1
2024-01-10,Куртка зимняя,Одежда,24609,1
2024-01-11,Кроссовки New Balance,Одежда,11721,4
2024-01-11,Наколенники спортивные,Спорт,2885,6
2024-01-11,Ноутбук Dell XPS,Электроника,81142,2
2024-01-11,Магний B6,Продукты,842,6
2024-01-11,Структуры данных,Книги,3472,2
2024-01-12,Designing Data-Intensive Apps,Книги,5140,5
2024-01-12,Docker Deep Dive,Книги,2382,1
2024-01-12,Рубашка оксфорд,Одежда,4597,2
2024-01-12,Оливковое масло 1л,Продукты,1158,1
2024-01-14,Турник дверной,Спорт,2274,4
2024-01-14,Удобрения для цветов,Дом и сад,447,2
2024-01-16,Киноа 500г,Продукты,478,2
2024-01-18,Шоколад тёмный 72%,Продукты,380,1
2024-01-18,Структуры данных,Книги,3376,15
2024-01-18,Перчатки кожаные,Одежда,3669,3
2024-01-18,Flask Web Development,Книги,2661,1
2024-01-20,Не давай обезьяне управлять зоопарком,Книги,936,3
2024-01-21,Электронная книга Kindle,Электроника,14416,1
2024-01-21,Суппорт голеностопа,Спорт,2282,10
2024-01-22,Эспандер грудной,Спорт,1217,3
2024-01-22,Игровая клавиатура Corsair,Электроника,19050,1
2024-01-22,Python для всех,Книги,1366,5
2024-01-23,Веб-камера Logitech,Электроника,7474,2
2024-01-23,Футболка оверсайз,Одежда,2026,10
2024-01-23,Поток,Книги,911,4
2024-01-25,Орехи миндаль 500г,Продукты,1156,6
2024-01-25,Веб-камера Logitech,Электроника,8000,1
2024-01-27,SSD Samsung 1TB,Электроника,11083,4
2024-01-28,Sapiens,Книги,1327,1
2024-01-28,Гречка 1кг,Продукты,193,1
2024-01-28,Шарф кашемировый,Одежда,4805,20
2024-01-29,Волейбольный мяч,Спорт,3308,3
2024-01-30,Шуруповёрт,Дом и сад,10815,2
2024-01-30,SQL для начинающих,Книги,1624,6
2024-01-30,Думай как математик,Книги,1054,5
2024-01-31,Кофе растворимый,Продукты,668,3
2024-01-31,Велоперчатки,Спорт,2235,1
2024-01-31,Поток,Книги,894,2
2024-02-01,Нижнее бельё набор,Одежда,2450,2
2024-02-01,Картина постер,Дом и сад,1990,3
2024-02-02,System Design Interview,Книги,3680,3
2024-02-03,Ботинки зимние,Одежда,17612,5
2024-02-03,Эспандер грудной,Спорт,1098,1
2024-02-04,Лейка садовая,Дом и сад,807,1
2024-02-04,Наколенники спортивные,Спорт,2864,15
2024-02-05,Футболка оверсайз,Одежда,1968,1
2024-02-05,Туфли классика,Одежда,14433,4
2024-02-06,Ветровка Nike,Одежда,8202,1
2024-02-06,Антихрупкость,Книги,1896,4
2024-02-07,Шорты спортивные,Одежда,2254,4
2024-02-08,Набор посуды,Дом и сад,6134,4
2024-02-09,Docker Deep Dive,Книги,2099,10
2024-02-10,Держатель телефона,Дом и сад,1356,2
2024-02-10,Ноутбук Dell XPS,Электроника,87073,2
2024-02-10,Python Cookbook,Книги,3289,2
2024-02-10,Зарядка MagSafe,Электроника,4709,1
2024-02-11,Гречка 1кг,Продукты,177,5
2024-02-12,Flask Web Development,Книги,2767,1
2024-02-13,Цинк,Продукты,544,3
2024-02-14,Велошлем,Спорт,6728,10
2024-02-16,Витамин D3,Продукты,586,2
2024-02-17,The Pragmatic Programmer,Книги,2757,2
2024-02-17,Гантели 20кг пара,Спорт,7631,1
2024-02-18,Бутылка для воды 750мл,Спорт,1301,1
2024-02-18,Монитор Dell UltraSharp,Электроника,64632,2
2024-02-18,SSD Samsung 1TB,Электроника,12956,5
2024-02-19,Футболка базовая белая,Одежда,1724,1
2024-02-19,Думай как математик,Книги,1008,4
2024-02-21,Не давай обезьяне управлять зоопарком,Книги,855,2
2024-02-21,Кабель USB-C 2м,Электроника,807,2
2024-02-21,Сандалии летние,Одежда,5202,3
2024-02-21,Пижама хлопок,Одежда,3775,5
2024-02-21,Бутылка для воды 750мл,Спорт,1352,1
2024-02-22,Картина постер,Дом и сад,2067,2
2024-02-22,Sapiens,Книги,1247,2
2024-02-23,Кружка термо,Дом и сад,2021,15
2024-02-24,System Design Interview,Книги,4006,1
2024-02-24,Боксёрский мешок,Спорт,13117,6
2024-02-25,Наушники AirPods Pro,Электроника,24444,4
2024-02-27,Ноутбук HP Pavilion,Электроника,59416,8
2024-02-27,Мяч баскетбольный,Спорт,4644,1
2024-02-28,Кокосовое масло 500мл,Продукты,644,3
2024-02-28,Брюки классика,Одежда,9027,5
2024-02-29,Не давай обезьяне управлять зоопарком,Книги,818,6
2024-02-29,Python для всех,Книги,1663,1
2024-03-02,Черный лебедь,Книги,1540,8
2024-03-02,The Hard Thing About Hard Things,Книги,1864,1
2024-03-02,Шуруповёрт,Дом и сад,11510,1
2024-03-03,Постельное бельё евро,Дом и сад,4521,1
2024-03-04,The Hard Thing About Hard Things,Книги,1716,4
2024-03-04,Турник настенный,Спорт,6285,3
2024-03-05,Джинсы Levi's 501,Одежда,7384,2
2024-03-05,System Design Interview,Книги,3531,3
2024-03-06,Подушка ортопед,Дом и сад,4296,2
2024-03-07,Цинк,Продукты,495,1
2024-03-08,Галстук шёлковый,Одежда,3680,1
2024-03-09,Полотенце махровое,Дом и сад,1274,2
2024-03-09,Цинк,Продукты,541,1
2024-03-10,Пижама хлопок,Одежда,3415,2
2024-03-10,SQL для начинающих,Книги,1818,1
2024-03-10,Мяч футбольный,Спорт,2832,2
2024-03-10,Не давай обезьяне управлять зоопарком,Книги,931,3
2024-03-11,Худи оверсайз,Одежда,5543,1
2024-03-11,Скакалка с подшипниками,Спорт,2413,5
2024-03-12,Кастрюля 5л,Дом и сад,2625,1
2024-03-12,Коврик для йоги 6мм,Спорт,3430,1
2024-03-14,Турник дверной,Спорт,2289,2
2024-03-14,Торшер напольный,Дом и сад,7950,2
2024-03-14,Греческий йогурт,Продукты,189,2
2024-03-14,Сапоги кожаные,Одежда,21057,1
2024-03-17,Бутылка для воды 750мл,Спорт,1224,20
2024-03-18,Мяч футбольный,Спорт,2757,1
2024-03-18,Велофляга,Спорт,828,2
2024-03-18,Магний B6,Продукты,675,1
2024-03-18,Гантели 10кг пара,Спорт,4726,3
2024-03-19,Консервы тунец,Продукты,262,6
2024-03-19,iPhone 15 Pro,Электроника,147628,1
2024-03-20,Фитнес резинки набор,Спорт,1860,1
2024-03-20,Кастрюля 5л,Дом и сад,2621,2
2024-03-22,Шоколад Lindt 100г,Продукты,440,1
2024-03-22,Принципы Далио,Книги,2142,4
2024-03-22,Платье летнее,Одежда,4800,4
2024-03-23,The Hard Thing About Hard Things,Книги,2036,15
2024-03-24,Кепка New Era,Одежда,3306,1
2024-03-27,Подушка ортопед,Дом и сад,4557,1
2024-03-27,Sapiens,Книги,1492,1
2024-03-27,Игровая клавиатура Corsair,Электроника,20497,5
2024-03-29,Одеяло зимнее,Дом и сад,6038,6
2024-03-29,Кофе молотый 500г,Продукты,889,1
2024-03-31,Пуховик,Одежда,27145,4
2024-03-31,Эспандер грудной,Спорт,1362,4
2024-04-01,Беговая дорожка,Спорт,70877,3
2024-04-03,Степпер,Спорт,9288,1
2024-04-03,Авокадо,Продукты,225,1
2024-04-03,Набор инструментов,Дом и сад,8454,4
2024-04-03,Сковорода антипригар,Дом и сад,3654,1
2024-04-04,Галстук шёлковый,Одежда,4012,1
2024-04-05,Картина постер,Дом и сад,1941,3
2024-04-07,Полотенце махровое,Дом и сад,1143,2
2024-04-07,Макароны 500г,Продукты,111,2
2024-04-09,Шорты спортивные,Одежда,2697,4
2024-04-10,Кружка термо,Дом и сад,1682,1
2024-04-10,Xiaomi 14,Электроника,81906,1
2024-04-11,Подушка ортопед,Дом и сад,4061,3
2024-04-12,Думай медленно решай быстро,Книги,1070,4
2024-04-13,Поток,Книги,945,3
2024-04-13,Кружка термо,Дом и сад,1783,3
2024-04-13,Kubernetes в действии,Книги,3648,1
2024-04-13,Docker Deep Dive,Книги,2039,5
2024-04-14,Xiaomi 14,Электроника,77462,1
2024-04-14,Кроссовки Adidas Ultraboost,Одежда,17672,2
2024-04-16,Толстовка Champion,Одежда,6658,1
2024-04-16,Беговые кроссовки Asics,Спорт,14105,7
2024-04-18,Антихрупкость,Книги,1937,5
2024-04-18,FastAPI книга,Книги,2972,1
2024-04-19,Коврик пазл 1м2,Спорт,3171,20
2024-04-19,Рюкзак спортивный,Спорт,5545,2
2024-04-19,Сковорода антипригар,Дом и сад,3290,1
2024-04-20,Удобрения для цветов,Дом и сад,429,3
2024-04-20,System Design Interview,Книги,3795,4
2024-04-20,Пижама хлопок,Одежда,3581,1
2024-04-23,Суппорт голеностопа,Спорт,2086,7
2024-04-24,Спортивная сумка,Спорт,4869,3
2024-04-25,Ноутбук Dell XPS,Электроника,78414,3
2024-04-25,Орехи грецкие 500г,Продукты,880,8
2024-04-25,Atomic Habits,Книги,1139,2
2024-04-28,Куртка демисезонная,Одежда,12193,1
2024-04-29,Шуруповёрт,Дом и сад,12285,8
2024-04-30,FastAPI книга,Книги,3206,4
2024-05-01,Набор посуды,Дом и сад,5599,1
2024-05-02,Коврик пазл 1м2,Спорт,3450,1
2024-05-02,Футболка оверсайз,Одежда,2137,4
2024-05-02,Антихрупкость,Книги,1811,4
2024-05-02,Мяч футбольный,Спорт,3425,12
2024-05-03,Думай как математик,Книги,1165,1
2024-05-05,BCAA аминокислоты,Продукты,2625,2
2024-05-05,Не давай обезьяне управлять зоопарком,Книги,885,7
2024-05-07,Гречка 1кг,Продукты,163,6
2024-05-07,Протеин шоколад 1кг,Продукты,4896,1
2024-05-08,Гантели 5кг пара,Спорт,2526,20
2024-05-09,Носки набор 5 пар,Одежда,459,1
2024-05-09,Монитор Samsung 27,Электроника,33985,7
2024-05-09,Мышь Logitech MX,Электроника,7393,2
2024-05-10,Пояс для бега,Спорт,1723,1
2024-05-11,Deep Work,Книги,1608,3
2024-05-11,Перчатки кожаные,Одежда,3505,1
2024-05-12,Ноутбук HP Pavilion,Электроника,55964,2
2024-05-13,Антихрупкость,Книги,1675,2
2024-05-14,Набор инструментов,Дом и сад,7495,3
2024-05-14,Набор посуды,Дом и сад,6216,4
2024-05-16,Гантели 5кг пара,Спорт,2871,3
2024-05-16,Docker Deep Dive,Книги,2361,4
2024-05-17,Футболка базовая белая,Одежда,1625,3
2024-05-17,Нижнее бельё набор,Одежда,2254,4
2024-05-17,Колонка JBL Charge,Электроника,13279,3
2024-05-17,Рубашка оксфорд,Одежда,4465,3
2024-05-18,Не давай обезьяне управлять зоопарком,Книги,771,1
2024-05-19,Брюки классика,Одежда,8161,3
2024-05-20,Спортивный костюм,Одежда,8722,2
2024-05-20,Защита рук бинты,Спорт,856,2
2024-05-20,Подушка ортопед,Дом и сад,4754,1
2024-05-20,Куртка демисезонная,Одежда,13601,1
2024-05-20,Протеин ваниль 1кг,Продукты,4814,5
2024-05-20,SSD Kingston 512GB,Электроника,5610,4
2024-05-21,Джинсы skinny,Одежда,5244,3
2024-05-22,Шорты спортивные,Одежда,2679,7
2024-05-23,Кроссовки Adidas Ultraboost,Одежда,20177,15
2024-05-23,Алгоритмы Кормен,Книги,5401,1
2024-05-24,Нижнее бельё набор,Одежда,2702,1
2024-05-24,Кружка термо,Дом и сад,1911,7
2024-05-24,Антихрупкость,Книги,1757,2
2024-05-24,Atomic Habits,Книги,1214,15
2024-05-25,Кокосовое молоко,Продукты,407,7
2024-05-25,Зеркало настенное,Дом и сад,4485,4
2024-05-25,Kubernetes в действии,Книги,3960,5
2024-05-26,Диффузор аромат,Дом и сад,3416,4
2024-05-29,Свеча ароматическая,Дом и сад,755,2
2024-05-29,Изотоник,Продукты,266,2
2024-05-29,Изотоник,Продукты,306,2
2024-05-30,Python Cookbook,Книги,3410,1
2024-05-30,Омега-3 рыбий жир,Продукты,1046,6
2024-05-30,Кофе молотый 500г,Продукты,984,5
2024-05-30,Ремень кожаный,Одежда,4206,3
2024-05-31,Шуруповёрт,Дом и сад,11974,2
2024-05-31,Толстовка Champion,Одежда,6002,4
2024-06-01,Компрессионные носки,Спорт,1610,7
2024-06-01,Мяч баскетбольный,Спорт,5085,3
2024-06-02,RAM DDR5 32GB,Электроника,14265,5
2024-06-02,Массажный пистолет,Спорт,8980,1
2024-06-03,Беговая дорожка,Спорт,58671,1
2024-06-05,Волейбольный мяч,Спорт,3195,4
2024-06-06,Электронная книга Kindle,Электроника,16608,1
2024-06-06,Шоколад Lindt 100г,Продукты,448,2
2024-06-06,Коврик для йоги 10мм,Спорт,4799,1
2024-06-07,Монитор LG 4K,Электроника,44695,1
2024-06-08,Homo Deus,Книги,1598,3
2024-06-08,Видеокарта RTX 4060,Электроника,48418,15
2024-06-09,Энергетик натуральный,Продукты,297,1
2024-06-10,Колонка Marshall,Электроника,20503,3
2024-06-10,Кофе растворимый,Продукты,684,2
2024-06-10,Гантели 10кг пара,Спорт,4336,2
2024-06-10,Роутер TP-Link AX,Электроника,6259,1
2024-06-10,Торшер напольный,Дом и сад,7530,1
2024-06-11,iPhone 15 Pro,Электроника,129468,5
2024-06-12,Одеяло зимнее,Дом и сад,5751,4
2024-06-13,Джинсы Levi's 501,Одежда,7298,2
2024-06-13,Macbook Pro M3,Электроника,200759,1
2024-06-14,Держатель телефона,Дом и сад,1662,2
2024-06-16,Python Cookbook,Книги,2979,1
2024-06-17,Шоколад Lindt 100г,Продукты,411,4
2024-06-17,iPhone 15,Электроника,106729,5
2024-06-17,Нижнее бельё набор,Одежда,2869,5
2024-06-18,Гантели 5кг пара,Спорт,2584,1
2024-06-19,Кроссовки Adidas Ultraboost,Одежда,16422,4
2024-06-19,Atomic Habits,Книги,1140,3
2024-06-19,Набор посуды,Дом и сад,5743,1
2024-06-20,Пуховик,Одежда,31925,2
2024-06-20,Кастрюля 5л,Дом и сад,3139,5
2024-06-20,Творог 9%,Продукты,193,5
2024-06-21,Шуруповёрт,Дом и сад,13780,7
2024-06-21,Леггинсы спортивные,Одежда,3686,3
2024-06-22,Macbook Air M2,Электроника,125070,4
2024-06-23,Набор инструментов,Дом и сад,7996,2
2024-06-23,Искусство войны,Книги,663,5
2024-06-24,Цинк,Продукты,516,5
2024-06-25,Держатель телефона,Дом и сад,1553,1
2024-06-25,Суппорт голеностопа,Спорт,2157,2
2024-06-25,Макароны 500г,Продукты,133,2
2024-06-26,Не давай обезьяне управлять зоопарком,Книги,862,6
2024-06-26,Творог 9%,Продукты,206,2
2024-06-27,Rich Dad Poor Dad,Книги,882,5
2024-06-28,Консервы тунец,Продукты,273,1
2024-06-28,Перчатки кожаные,Одежда,3213,3
2024-06-29,Постельное бельё евро,Дом и сад,5669,1
2024-06-30,Веб-камера Logitech,Электроника,8461,2
2024-07-02,Геймпад Xbox,Электроника,8687,2
2024-07-02,Homo Deus,Книги,1609,3
2024-07-02,Киноа 500г,Продукты,468,3
2024-07-02,Орехи миндаль 500г,Продукты,1117,3
2024-07-03,Зарядка MagSafe,Электроника,4717,1
2024-07-03,Цветочный горшок,Дом и сад,639,2
2024-07-03,Python для всех,Книги,1526,1
2024-07-04,Картина постер,Дом и сад,2181,3
2024-07-05,Оливковое масло 1л,Продукты,1221,10
2024-07-05,Ноутбук Dell XPS,Электроника,83238,1
2024-07-05,Видеокарта RTX 4060,Электроника,47584,10
2024-07-05,Худи оверсайз,Одежда,4820,1
2024-07-05,Омега-3 рыбий жир,Продукты,932,4
2024-07-06,PostgreSQL Administration,Книги,3998,3
2024-07-06,Джинсы skinny,Одежда,5579,2
2024-07-07,Гантели 5кг пара,Спорт,2855,1
2024-07-07,Шапка вязаная,Одежда,1467,1
2024-07-08,Сандалии летние,Одежда,4547,6
2024-07-08,Поток,Книги,1018,1
2024-07-09,Греческий йогурт,Продукты,188,5
2024-07-09,Авокадо,Продукты,237,2
2024-07-10,Зеркало настенное,Дом и сад,5003,4
2024-07-11,Rich Dad Poor Dad,Книги,969,1
2024-07-11,Магний B6,Продукты,733,2
2024-07-12,Эспандер грудной,Спорт,1104,1
2024-07-13,Зеркало настенное,Дом и сад,4143,1
2024-07-13,Поток,Книги,1051,20
2024-07-14,Нижнее бельё набор,Одежда,2639,1
2024-07-14,Куртка демисезонная,Одежда,13097,2
2024-07-16,Macbook Pro M3,Электроника,185002,6
2024-07-16,Сковорода антипригар,Дом и сад,3788,1
2024-07-17,Полотенце махровое,Дом и сад,1108,6
2024-07-17,Электронная книга Kindle,Электроника,14704,3
2024-07-17,Не давай обезьяне управлять зоопарком,Книги,904,4
2024-07-17,Мяч футбольный,Спорт,3264,6
2024-07-18,Ноутбук HP Pavilion,Электроника,54148,20
2024-07-18,Шапка вязаная,Одежда,1396,3
2024-07-18,Боксёрские перчатки,Спорт,5225,2
2024-07-18,USB-C хаб,Электроника,3563,3
2024-07-18,Веб-камера Logitech,Электроника,9189,1
2024-07-19,Скакалка скоростная,Спорт,1653,2
2024-07-19,Цветочный горшок,Дом и сад,567,6
2024-07-20,Наушники AirPods Pro,Электроника,27694,4
2024-07-21,Рубашка оксфорд,Одежда,4833,20
2024-07-22,Ремень кожаный,Одежда,4867,1
2024-07-22,Мышь Apple Magic,Электроника,8215,3
2024-07-23,Цинк,Продукты,571,1
2024-07-23,Пояс для бега,Спорт,1935,7
2024-07-23,Перчатки кожаные,Одежда,3923,2
2024-07-24,Постельное бельё евро,Дом и сад,5297,7
2024-07-27,Структуры данных,Книги,3117,6
2024-07-27,Принципы Далио,Книги,2528,2
2024-07-27,iPhone 15 Pro,Электроника,147280,1
2024-07-27,Clean Code,Книги,2500,1
2024-07-27,USB-C хаб,Электроника,3639,6
2024-07-28,Кроссовки Adidas Ultraboost,Одежда,19003,5
2024-07-28,Турник настенный,Спорт,7093,3
2024-07-29,Бутылка для воды 750мл,Спорт,1300,2
2024-07-30,Гречка 1кг,Продукты,181,3
2024-07-30,Искусство войны,Книги,797,5
2024-07-31,Велошлем,Спорт,7298,2
2024-07-31,Перчатки кожаные,Одежда,3758,3
2024-08-01,Велотренажёр,Спорт,40828,6
2024-08-01,Платье летнее,Одежда,4825,2
2024-08-01,Брюки классика,Одежда,7952,2
2024-08-01,Клавиатура Mechanical,Электроника,12286,4
2024-08-02,Набор посуды,Дом и сад,6599,2
2024-08-02,Геймпад Xbox,Электроника,8057,1
2024-08-03,Шоколад Lindt 100г,Продукты,366,3
2024-08-04,BCAA аминокислоты,Продукты,2725,2
2024-08-04,Шорты спортивные,Одежда,2659,4
2024-08-04,Лосось консервы,Продукты,361,1
2024-08-04,Степпер,Спорт,9980,2
2024-08-05,Пуховик,Одежда,25487,10
2024-08-05,Колонка Marshall,Электроника,18334,6
2024-08-11,SSD Kingston 512GB,Электроника,5984,7
2024-08-12,Сандалии летние,Одежда,4745,1
2024-08-13,Поло Ralph Lauren,Одежда,6098,6
2024-08-13,Куртка демисезонная,Одежда,12944,1
2024-08-13,Платье летнее,Одежда,4899,6
2024-08-15,Монитор LG 4K,Электроника,45151,4
2024-08-16,Антихрупкость,Книги,1784,1
2024-08-18,Не давай обезьяне управлять зоопарком,Книги,915,3
2024-08-18,Консервы тунец,Продукты,275,1
2024-08-18,Джинсы Levi's 501,Одежда,7234,2
2024-08-19,Deep Work,Книги,1587,5
2024-08-20,Магний B6,Продукты,815,20
2024-08-20,Мяч баскетбольный,Спорт,5029,2
2024-08-21,Ноутбук Dell XPS,Электроника,84196,5
2024-08-21,Блендер погружной,Дом и сад,5062,1
2024-08-22,Лосось консервы,Продукты,398,2
2024-08-22,Думай медленно решай быстро,Книги,1042,1
2024-08-24,Мёд натуральный 500г,Продукты,819,2
2024-08-24,Колонка Marshall,Электроника,20519,2
2024-08-25,Clean Code,Книги,2572,1
2024-08-26,Поток,Книги,977,20
2024-08-27,Принципы Далио,Книги,2222,15
2024-08-28,Футболка оверсайз,Одежда,2026,2
2024-08-28,Макароны 500г,Продукты,114,2
2024-08-29,Рамка для фото,Дом и сад,750,3
2024-08-29,Протеиновые батончики набор,Продукты,318,1
2024-08-29,Ремень кожаный,Одежда,4365,1
2024-08-31,Кофе растворимый,Продукты,547,6
2024-09-01,Худи оверсайз,Одежда,5317,1
2024-09-03,Алгоритмы Кормен,Книги,6126,1
2024-09-04,Чай зелёный,Продукты,384,1
2024-09-04,Ботинки зимние,Одежда,18300,2
2024-09-04,Диффузор аромат,Дом и сад,3286,3
2024-09-05,Docker Deep Dive,Книги,2519,2
2024-09-05,Искусство войны,Книги,746,7
2024-09-06,Пижама хлопок,Одежда,3821,5
2024-09-06,Лампа настольная LED,Дом и сад,3807,3
2024-09-06,Atomic Habits,Книги,1346,1
2024-09-07,Шапка вязаная,Одежда,1672,2
2024-09-07,Принципы Далио,Книги,2354,1
2024-09-07,Гантели 5кг пара,Спорт,2709,5
2024-09-08,Ботинки зимние,Одежда,19248,1
2024-09-08,Rich Dad Poor Dad,Книги,878,5
2024-09-09,Носки набор 5 пар,Одежда,473,3
2024-09-10,Поло Ralph Lauren,Одежда,6699,3
2024-09-10,Бутылка для воды 750мл,Спорт,1212,20
2024-09-11,Фитнес-браслет Xiaomi,Электроника,5408,7
2024-09-11,Шоколад тёмный 72%,Продукты,342,1
2024-09-12,Насос велосипедный,Спорт,2439,20
2024-09-13,Шапка вязаная,Одежда,1437,4
2024-09-14,Структуры данных,Книги,2941,1
2024-09-15,Массажный ролик,Спорт,2579,6
2024-09-15,Творог 9%,Продукты,185,2
2024-09-15,System Design Interview,Книги,3870,5
2024-09-15,Sapiens,Книги,1473,3
2024-09-15,Кроссовки Adidas Ultraboost,Одежда,16432,2
2024-09-17,Свеча ароматическая,Дом и сад,775,1
2024-09-19,Цинк,Продукты,466,1
2024-09-20,Спортивный костюм,Одежда,7800,15
2024-09-21,Беговые кроссовки Asics,Спорт,14112,4
2024-09-21,Думай как математик,Книги,998,3
2024-09-22,Наушники AirPods Pro,Электроника,27508,2
2024-09-22,Удобрения для цветов,Дом и сад,410,1
2024-09-24,Протеин шоколад 1кг,Продукты,5097,1
2024-09-24,Фитнес-браслет Xiaomi,Электроника,4713,2
2024-09-25,Набор инструментов,Дом и сад,7654,20
2024-09-25,Клавиатура Mechanical,Электроника,13276,2
2024-09-25,Джинсы skinny,Одежда,5338,2
2024-09-26,Шарф кашемировый,Одежда,5286,5
2024-09-26,Удобрения для цветов,Дом и сад,445,10
2024-09-28,Сандалии летние,Одежда,4513,1
2024-09-29,Подушка ортопед,Дом и сад,4840,1
2024-09-30,Роутер TP-Link AX,Электроника,6849,1
2024-10-01,USB-C хаб,Электроника,3997,1
2024-10-01,Скакалка с подшипниками,Спорт,2255,15
2024-10-01,Структуры данных,Книги,2918,2
2024-10-01,Магний B6,Продукты,780,5
2024-10-01,Zero to One,Книги,1646,8
2024-10-01,Лейка садовая,Дом и сад,790,3
2024-10-02,Платье офисное,Одежда,8722,3
2024-10-02,Чай Earl Grey,Продукты,504,5
2024-10-03,Xiaomi 14,Электроника,84282,2
2024-10-03,Киноа 500г,Продукты,508,3
2024-10-04,Rich Dad Poor Dad,Книги,1072,3
2024-10-04,Зарядка MagSafe,Электроника,5026,10
2024-10-04,Рюкзак спортивный,Спорт,5482,2
2024-10-05,Лейка садовая,Дом и сад,902,7
2024-10-06,Удобрения для цветов,Дом и сад,394,1
2024-10-06,Искусство войны,Книги,758,4
2024-10-07,Сковорода антипригар,Дом и сад,3157,1
2024-10-07,Кружка термо,Дом и сад,1795,7
2024-10-08,Творог 9%,Продукты,177,1
2024-10-08,Диффузор аромат,Дом и сад,2717,2
2024-10-08,Футболка оверсайз,Одежда,1846,1
2024-10-08,Rich Dad Poor Dad,Книги,982,1
2024-10-09,Полотенце махровое,Дом и сад,1219,1
2024-10-09,Не давай обезьяне управлять зоопарком,Книги,812,1
2024-10-09,Антихрупкость,Книги,1992,6
2024-10-11,Картина постер,Дом и сад,2064,2
2024-10-11,Рис басмати 1кг,Продукты,396,8
2024-10-12,Термос 1л,Дом и сад,2813,1
2024-10-12,Блендер погружной,Дом и сад,5158,1
2024-10-12,Кокосовое молоко,Продукты,427,2
2024-10-13,Лосось консервы,Продукты,441,1
2024-10-14,Xiaomi 14,Электроника,85180,1
2024-10-14,Психология влияния,Книги,852,1
2024-10-15,Гречка 1кг,Продукты,198,4
2024-10-15,Лампа настольная LED,Дом и сад,3152,2
2024-10-15,The Hard Thing About Hard Things,Книги,1670,2
2024-10-15,Суперфуд спирулина,Продукты,849,3
2024-10-15,Наколенники спортивные,Спорт,3112,5
2024-10-16,Поток,Книги,1058,1
2024-10-16,Подставка для ноутбука,Дом и сад,3491,1
2024-10-17,Подушка ортопед,Дом и сад,4056,1
2024-10-18,Геймпад Xbox,Электроника,8329,5
2024-10-18,Homo Deus,Книги,1488,6
2024-10-18,Игровая клавиатура Corsair,Электроника,16945,3
2024-10-19,Рюкзак спортивный,Спорт,5860,1
2024-10-19,Защита рук бинты,Спорт,855,3
2024-10-21,Платье офисное,Одежда,8400,3
2024-10-21,Эспандер грудной,Спорт,1273,3
2024-10-21,Кроссовки New Balance,Одежда,13359,1
2024-10-22,Куртка зимняя,Одежда,20845,4
2024-10-22,Скакалка с подшипниками,Спорт,2737,6
2024-10-22,Мёд натуральный 500г,Продукты,781,10
2024-10-23,Степпер,Спорт,10325,4
2024-10-23,Atomic Habits,Книги,1159,1
2024-10-23,Умные часы Apple Watch,Электроника,43788,2
2024-10-24,Игровая клавиатура Corsair,Электроника,18255,2
2024-10-24,Платье офисное,Одежда,8316,2
2024-10-24,Гантели 20кг пара,Спорт,7610,5
2024-10-25,Полотенце махровое,Дом и сад,1159,20
2024-10-25,Кроссовки New Balance,Одежда,13028,3
2024-10-25,Органайзер для стола,Дом и сад,2862,10
2024-10-26,Atomic Habits,Книги,1115,2
2024-10-26,Подставка для ноутбука,Дом и сад,3449,5
2024-10-27,Кашпо подвесное,Дом и сад,1168,4
2024-10-27,Энергетик натуральный,Продукты,361,4
2024-10-27,Геймпад Xbox,Электроника,8348,2
2024-10-28,Ботинки зимние,Одежда,20563,5
2024-10-29,Фитнес-браслет Xiaomi,Электроника,4791,1
2024-10-30,Туфли классика,Одежда,13452,4
2024-10-31,Кашпо подвесное,Дом и сад,1107,2
2024-10-31,Шуруповёрт,Дом и сад,11214,1
2024-11-01,Велошлем,Спорт,7117,1
2024-11-01,Кепка New Era,Одежда,2927,2
2024-11-02,Кепка New Era,Одежда,3122,1
2024-11-03,Греческий йогурт,Продукты,227,3
2024-11-04,Органайзер для стола,Дом и сад,2509,3
2024-11-05,Кокосовое масло 500мл,Продукты,775,1
2024-11-06,Протеиновые батончики набор,Продукты,324,3
2024-11-06,Deep Work,Книги,1429,1
2024-11-07,Удобрения для цветов,Дом и сад,441,2
2024-11-07,Кроссовки Nike Air Max,Одежда,16494,5
2024-11-09,Паста томатная,Продукты,200,10
2024-11-09,Сковорода антипригар,Дом и сад,3170,6
2024-11-10,Кофе молотый 500г,Продукты,1025,6
2024-11-10,Zero to One,Книги,1633,5
2024-11-10,Игровая мышь Razer,Электроника,13797,1
2024-11-11,Наушники Sony WH-1000XM5,Электроника,30449,10
2024-11-11,Антихрупкость,Книги,1903,1
2024-11-11,Картина постер,Дом и сад,1976,3
2024-11-11,Рамка для фото,Дом и сад,833,3
2024-11-11,Степпер,Спорт,8235,6
2024-11-12,Картина постер,Дом и сад,2024,1
2024-11-12,Консервы тунец,Продукты,284,2
2024-11-12,Футболка оверсайз,Одежда,2277,1
2024-11-12,Подставка для ноутбука,Дом и сад,3691,6
2024-11-13,Не давай обезьяне управлять зоопарком,Книги,922,6
2024-11-13,Чай зелёный,Продукты,437,1
2024-11-14,Deep Work,Книги,1526,3
2024-11-14,Видеокарта RTX 4060,Электроника,49269,7
2024-11-14,The Pragmatic Programmer,Книги,2551,6
2024-11-15,Протеин шоколад 1кг,Продукты,5167,1
2024-11-15,Толстовка Champion,Одежда,6119,3
2024-11-15,Массажный ролик,Спорт,2814,2
2024-11-15,Samsung Galaxy S24,Электроника,104253,8
2024-11-15,Перчатки кожаные,Одежда,3744,2
2024-11-16,Энергетик натуральный,Продукты,336,1
2024-11-17,The Pragmatic Programmer,Книги,3186,8
2024-11-17,Платье офисное,Одежда,10143,1
2024-11-17,Штанга 20кг,Спорт,12761,1
2024-11-18,Кокосовое масло 500мл,Продукты,662,1
2024-11-19,Шоколад Lindt 100г,Продукты,362,1
2024-11-19,Кроссовки New Balance,Одежда,13566,2
2024-11-19,Ботинки зимние,Одежда,16705,3
2024-11-20,Кастрюля 5л,Дом и сад,3021,2
2024-11-21,Кокосовое молоко,Продукты,362,10
2024-11-21,Лампа настольная LED,Дом и сад,3486,2
2024-11-21,The Hard Thing About Hard Things,Книги,1846,1
2024-11-22,Черный лебедь,Книги,1520,2
2024-11-23,Пижама хлопок,Одежда,3274,5
2024-11-23,Психология влияния,Книги,829,1
2024-11-26,iPad Pro,Электроника,107303,6
2024-11-26,Полотенце махровое,Дом и сад,1256,6
2024-11-26,Велошлем,Спорт,6806,2
2024-11-27,Диффузор аромат,Дом и сад,2897,3
2024-11-29,Блендер погружной,Дом и сад,5003,1
2024-11-29,Греческий йогурт,Продукты,223,1
2024-11-30,Макароны 500г,Продукты,127,1
2024-12-01,Игровая мышь Razer,Электроника,11965,1
2024-12-01,Свеча ароматическая,Дом и сад,773,2
2024-12-01,Боксёрский мешок,Спорт,13142,1
2024-12-02,Орехи миндаль 500г,Продукты,1029,1
2024-12-02,Игровая клавиатура Corsair,Электроника,16640,15
2024-12-04,Постельное бельё евро,Дом и сад,4581,6
2024-12-05,Беговая дорожка,Спорт,62619,3
2024-12-05,Фитнес-браслет Xiaomi,Электроника,4754,4
2024-12-05,Clean Code,Книги,2745,8
2024-12-06,Кокосовое молоко,Продукты,425,1
2024-12-07,Homo Deus,Книги,1365,1
2024-12-07,Геймпад Xbox,Электроника,8449,2
2024-12-07,Одеяло зимнее,Дом и сад,6501,1
2024-12-08,Ветровка Nike,Одежда,8907,1
2024-12-08,Худи оверсайз,Одежда,4659,2
2024-12-08,Сапоги кожаные,Одежда,20959,2
2024-12-09,Куртка демисезонная,Одежда,12543,2
2024-12-09,Протеиновые батончики набор,Продукты,377,3
2024-12-10,Массажный пистолет,Спорт,9136,7
2024-12-12,iPad Pro,Электроника,91713,1
2024-12-12,Гречка 1кг,Продукты,206,1
2024-12-12,Кружка термо,Дом и сад,1704,6
2024-12-12,Психология влияния,Книги,1019,3
2024-12-14,Не давай обезьяне управлять зоопарком,Книги,782,2
2024-12-14,Кофе зерновой 1кг,Продукты,1873,1
2024-12-14,Лампа настольная LED,Дом и сад,3995,5
2024-12-15,Штанга 20кг,Спорт,13496,2
2024-12-15,Спортивная сумка,Спорт,4469,3
2024-12-17,Шуруповёрт,Дом и сад,11554,1
2024-12-17,Рюкзак спортивный,Спорт,6701,5
2024-12-18,Поток,Книги,914,4
2024-12-18,Мёд натуральный 500г,Продукты,843,3
2024-12-21,Клавиатура Apple Magic,Электроника,11286,2
2024-12-22,Суперфуд спирулина,Продукты,972,8
2024-12-22,Картина постер,Дом и сад,2156,3
2024-12-22,Не давай обезьяне управлять зоопарком,Книги,831,1
2024-12-22,Кроссовки New Balance,Одежда,11185,4
2024-12-22,Подушка ортопед,Дом и сад,4864,4
2024-12-22,Кроссовки New Balance,Одежда,11715,2
2024-12-23,Python Cookbook,Книги,2964,2
2024-12-23,Скакалка с подшипниками,Спорт,2582,2
2024-12-24,Пуховик,Одежда,27052,3
2024-12-24,Поло Ralph Lauren,Одежда,5850,5
2024-12-25,Держатель телефона,Дом и сад,1651,2
2024-12-25,Мышь Logitech MX,Электроника,7716,1
2024-12-26,Спортивный костюм,Одежда,8147,8
2024-12-26,Скакалка скоростная,Спорт,1577,4
2024-12-27,Поток,Книги,922,4
2024-12-27,Авокадо,Продукты,261,1
2024-12-28,Полотенце махровое,Дом и сад,1160,6
2024-12-29,Турник дверной,Спорт,2577,1
2024-12-30,Носки набор 5 пар,Одежда,455,2
2024-12-30,Мяч баскетбольный,Спорт,4905,10
2024-12-30,RAM DDR5 32GB,Электроника,13582,6
2024-12-31,Колонка Marshall,Электроника,18720,2
